"row","comment_number","created_by","comment","comment_location","status","resolved_at","created_at","new_comment","my_comment","figma_link"
"3","1","Tino","no availible","View In Figma","Resolved","08/10/2025, 11:33:07.350","07/10/2025, 12:01:52.782","Y","","https://www.figma.com/file/nRnOGKN6Ax9nfekLNH7I42?node-id=59:2#1457434667"
"4","2","Tino","@Alex","View In Figma","Resolved","08/10/2025, 11:32:50.639","07/10/2025, 12:20:43.826","Y","","https://www.figma.com/file/nRnOGKN6Ax9nfekLNH7I42?node-id=59:2#1457469661"
"5","3","Alex","Not Available","View In Figma","Resolved","07/10/2025, 16:03:12.309","07/10/2025, 14:39:01.839","Y","","https://www.figma.com/file/nRnOGKN6Ax9nfekLNH7I42?node-id=59:2#1457777020"
"6","4","Alex","Not Available","View In Figma","Resolved","07/10/2025, 16:20:07.846","07/10/2025, 14:57:28.815","Y","","https://www.figma.com/file/nRnOGKN6Ax9nfekLNH7I42?node-id=59:2#1457820527"
"7","5","Alex","Not Available","View In Figma","Resolved","07/10/2025, 16:47:36.774","07/10/2025, 15:24:41.948","Y","","https://www.figma.com/file/nRnOGKN6Ax9nfekLNH7I42?node-id=59:2#1457878264"
"8","6","Alex","Not Available","View In Figma","Resolved","07/10/2025, 16:47:35.207","07/10/2025, 15:28:03.816","Y","","https://www.figma.com/file/nRnOGKN6Ax9nfekLNH7I42?node-id=59:2#1457885470"
"9","7","Alex","Not Available","View In Figma","Resolved","07/10/2025, 16:47:31.812","07/10/2025, 15:30:33.787","Y","","https://www.figma.com/file/nRnOGKN6Ax9nfekLNH7I42?node-id=59:2#1457890732"
"10","8","Alex","Not Available","View In Figma","Resolved","07/10/2025, 16:47:40.305","07/10/2025, 15:34:16.402","Y","","https://www.figma.com/file/nRnOGKN6Ax9nfekLNH7I42?node-id=59:2#1457898185"
"11","9","Alex","Not Available","View In Figma","Resolved","07/10/2025, 16:47:42.295","07/10/2025, 15:34:42.188","Y","","https://www.figma.com/file/nRnOGKN6Ax9nfekLNH7I42?node-id=59:2#1457899016"
"12","10","Alex","Not Available","View In Figma","Resolved","07/10/2025, 16:47:44.195","07/10/2025, 15:34:49.041","Y","","https://www.figma.com/file/nRnOGKN6Ax9nfekLNH7I42?node-id=59:2#1457899240"
"13","11","Alex","Not Available","View In Figma","Resolved","07/10/2025, 16:47:47.191","07/10/2025, 15:35:55.626","Y","","https://www.figma.com/file/nRnOGKN6Ax9nfekLNH7I42?node-id=59:2#1457901432"
"14","12","Alex","Not Available","View In Figma","Resolved","07/10/2025, 16:47:53.211","07/10/2025, 15:36:58.696","Y","","https://www.figma.com/file/nRnOGKN6Ax9nfekLNH7I42?node-id=59:2#1457903538"
"15","13","Alex","Not Available","View In Figma","Resolved","07/10/2025, 16:47:56.362","07/10/2025, 15:37:23.429","Y","","https://www.figma.com/file/nRnOGKN6Ax9nfekLNH7I42?node-id=59:2#1457904397"
"16","14","Alex","Not Available","View In Figma","Resolved","07/10/2025, 16:47:59.281","07/10/2025, 15:38:02.733","Y","","https://www.figma.com/file/nRnOGKN6Ax9nfekLNH7I42?node-id=59:2#1457905742"
"17","15","Alex","Not Available","View In Figma","Resolved","08/10/2025, 08:52:46.053","07/10/2025, 16:07:11.862","Y","","https://www.figma.com/file/nRnOGKN6Ax9nfekLNH7I42?node-id=59:2#1457960475"
"18","16","Alex","Not Available","View In Figma","Resolved","08/10/2025, 08:52:48.282","07/10/2025, 16:07:16.270","Y","","https://www.figma.com/file/nRnOGKN6Ax9nfekLNH7I42?node-id=59:2#1457960594"
"19","17","Alex","Not Available","View In Figma","Resolved","08/10/2025, 08:52:52.157","07/10/2025, 16:07:20.421","Y","","https://www.figma.com/file/nRnOGKN6Ax9nfekLNH7I42?node-id=59:2#1457960715"
"20","18","Alex","Not Available","View In Figma","Resolved","08/10/2025, 08:59:06.821","07/10/2025, 16:20:56.596","Y","","https://www.figma.com/file/nRnOGKN6Ax9nfekLNH7I42?node-id=59:2#1457984189"
"21","19","Alex","Not Available","View In Figma","Resolved","08/10/2025, 08:59:09.236","07/10/2025, 16:21:15.507","Y","","https://www.figma.com/file/nRnOGKN6Ax9nfekLNH7I42?node-id=59:2#1457984671"
"22","20","Alex","Not Available","View In Figma","Resolved","08/10/2025, 11:33:21.029","07/10/2025, 18:20:47.345","Y","","https://www.figma.com/file/nRnOGKN6Ax9nfekLNH7I42?node-id=59:2#1458164770"
"23","21","Alex","Not Available","View In Figma","Resolved","08/10/2025, 11:33:18.290","07/10/2025, 18:22:31.744","Y","","https://www.figma.com/file/nRnOGKN6Ax9nfekLNH7I42?node-id=59:2#1458167335"
"24","22","Alex","Not Available","View In Figma","Resolved","08/10/2025, 10:16:21.637","07/10/2025, 18:24:47.935","Y","","https://www.figma.com/file/nRnOGKN6Ax9nfekLNH7I42?node-id=59:2#1458170568"
"25","23","Alex","Not Available","View In Figma","Resolved","08/10/2025, 11:33:28.095","07/10/2025, 18:43:28.419","Y","","https://www.figma.com/file/nRnOGKN6Ax9nfekLNH7I42?node-id=59:2#1458197535"
"26","24","Tino","5,1 überall","View In Figma","","","29/10/2025, 14:39:41.415","Y","","https://www.figma.com/file/nRnOGKN6Ax9nfekLNH7I42?node-id=59:2#1490246104"
"27","25","Tino","überall","View In Figma","","","29/10/2025, 14:41:32.398","Y","","https://www.figma.com/file/nRnOGKN6Ax9nfekLNH7I42?node-id=59:2#1490250857"
"28","26","Tino","nach rechtd und saft preise","View In Figma","","","29/10/2025, 14:49:32.692","Y","","https://www.figma.com/file/nRnOGKN6Ax9nfekLNH7I42?node-id=59:2#1490271958"
"29","27","Tino","3,5","View In Figma","","","29/10/2025, 14:51:37.577","Y","","https://www.figma.com/file/nRnOGKN6Ax9nfekLNH7I42?node-id=59:2#1490277388"
"30","28","Tino","4,2","View In Figma","","","29/10/2025, 14:52:17.533","Y","","https://www.figma.com/file/nRnOGKN6Ax9nfekLNH7I42?node-id=59:2#1490279120"
"31","29","Tino","3,1","View In Figma","","","29/10/2025, 14:53:10.508","Y","","https://www.figma.com/file/nRnOGKN6Ax9nfekLNH7I42?node-id=59:2#1490281388"
"32","30","Tino","6,4","View In Figma","","","29/10/2025, 14:53:22.114","Y","","https://www.figma.com/file/nRnOGKN6Ax9nfekLNH7I42?node-id=59:2#1490281903"
"33","31","Tino","3,5","View In Figma","","","29/10/2025, 14:54:31.009","Y","","https://www.figma.com/file/nRnOGKN6Ax9nfekLNH7I42?node-id=59:2#1490284969"
"34","32","Tino","5,6","View In Figma","","","29/10/2025, 14:55:20.324","Y","","https://www.figma.com/file/nRnOGKN6Ax9nfekLNH7I42?node-id=59:2#1490287190"
"35","33","Tino","3,7","View In Figma","","","29/10/2025, 14:57:44.402","Y","","https://www.figma.com/file/nRnOGKN6Ax9nfekLNH7I42?node-id=59:2#1490293403"
"36","34","Tino","3,6","View In Figma","","","29/10/2025, 14:58:26.091","Y","","https://www.figma.com/file/nRnOGKN6Ax9nfekLNH7I42?node-id=59:2#1490295110"
"37","35","Tino","5,1","View In Figma","","","29/10/2025, 14:58:43.311","Y","","https://www.figma.com/file/nRnOGKN6Ax9nfekLNH7I42?node-id=59:2#1490295796"
"38","36","Tino","11,90","View In Figma","","","29/10/2025, 14:59:18.690","Y","","https://www.figma.com/file/nRnOGKN6Ax9nfekLNH7I42?node-id=59:2#1490297252"
"39","37","Tino","4,9","View In Figma","","","29/10/2025, 14:59:44.363","Y","","https://www.figma.com/file/nRnOGKN6Ax9nfekLNH7I42?node-id=59:2#1490298298"
"40","38","Tino","4,5","View In Figma","","","29/10/2025, 14:59:58.984","Y","","https://www.figma.com/file/nRnOGKN6Ax9nfekLNH7I42?node-id=59:2#1490298879"
"41","39","Tino","4,3","View In Figma","","","29/10/2025, 15:00:20.827","Y","","https://www.figma.com/file/nRnOGKN6Ax9nfekLNH7I42?node-id=59:2#1490299794"
"42","40","Tino","3,7","View In Figma","","","29/10/2025, 15:00:37.906","Y","","https://www.figma.com/file/nRnOGKN6Ax9nfekLNH7I42?node-id=59:2#1490300469"
"43","41","Tino","+0,2","View In Figma","","","29/10/2025, 15:01:15.244","Y","","https://www.figma.com/file/nRnOGKN6Ax9nfekLNH7I42?node-id=59:2#1490301926"
"45","42","Tino","raus","View In Figma","","","29/10/2025, 15:03:12.905","Y","","https://www.figma.com/file/nRnOGKN6Ax9nfekLNH7I42?node-id=59:2#1490306304"
"46","43","Tino","3,5","View In Figma","","","29/10/2025, 15:03:48.572","Y","","https://www.figma.com/file/nRnOGKN6Ax9nfekLNH7I42?node-id=59:2#1490307677"
"47","44","Tino","lindenlaub dazuschreiben 7 regional","View In Figma","","","29/10/2025, 15:08:00.021","Y","","https://www.figma.com/file/nRnOGKN6Ax9nfekLNH7I42?node-id=59:2#1490317264"
"48","45","Tino","6,1","View In Figma","Resolved","03/11/2025, 14:01:31.055","29/10/2025, 15:08:40.990","Y","","https://www.figma.com/file/nRnOGKN6Ax9nfekLNH7I42?node-id=59:2#1490318861"
"49","46","Tino","+0,2","View In Figma","","","29/10/2025, 15:09:34.987","Y","","https://www.figma.com/file/nRnOGKN6Ax9nfekLNH7I42?node-id=59:2#1490321026"
"50","47","Tino","klein und groß","View In Figma","","","29/10/2025, 15:10:03.987","Y","","https://www.figma.com/file/nRnOGKN6Ax9nfekLNH7I42?node-id=59:2#1490322257"
"51","48","Tino","doppelter espresso","View In Figma","","","29/10/2025, 15:11:02.572","Y","","https://www.figma.com/file/nRnOGKN6Ax9nfekLNH7I42?node-id=59:2#1490324573"
"52","49","Tino","3,7","View In Figma","","","29/10/2025, 15:11:30.395","Y","","https://www.figma.com/file/nRnOGKN6Ax9nfekLNH7I42?node-id=59:2#1490325672"
"53","50","Tino","3,9","View In Figma","","","29/10/2025, 15:11:35.060","Y","","https://www.figma.com/file/nRnOGKN6Ax9nfekLNH7I42?node-id=59:2#1490325859"
"54","51","Tino","4,1","View In Figma","","","29/10/2025, 15:11:57.934","Y","","https://www.figma.com/file/nRnOGKN6Ax9nfekLNH7I42?node-id=59:2#1490326766"
"55","52","Tino","lassen wir wie es ist","View In Figma","","","29/10/2025, 15:15:24.652","Y","","https://www.figma.com/file/nRnOGKN6Ax9nfekLNH7I42?node-id=59:2#1490335428"
"56","53","Tino","+0,1","View In Figma","","","29/10/2025, 15:15:31.009","Y","","https://www.figma.com/file/nRnOGKN6Ax9nfekLNH7I42?node-id=59:2#1490335702"
"57","54","Tino","7,7","View In Figma","","","29/10/2025, 15:15:39.759","Y","","https://www.figma.com/file/nRnOGKN6Ax9nfekLNH7I42?node-id=59:2#1490336061"
"58","55","Tino","11,1","View In Figma","","","29/10/2025, 15:15:59.539","Y","","https://www.figma.com/file/nRnOGKN6Ax9nfekLNH7I42?node-id=59:2#1490336831"
"59","56","Tino","6,6","View In Figma","","","29/10/2025, 15:16:17.697","Y","","https://www.figma.com/file/nRnOGKN6Ax9nfekLNH7I42?node-id=59:2#1490337549"
"60","57","Tino","zeitlivh","View In Figma","","","29/10/2025, 15:16:27.429","Y","","https://www.figma.com/file/nRnOGKN6Ax9nfekLNH7I42?node-id=59:2#1490337944"
"61","58","Tino","7,5","View In Figma","","","29/10/2025, 15:17:06.689","Y","","https://www.figma.com/file/nRnOGKN6Ax9nfekLNH7I42?node-id=59:2#1490339529"
"62","59","Tino","7,9","View In Figma","","","29/10/2025, 15:17:07.199","Y","","https://www.figma.com/file/nRnOGKN6Ax9nfekLNH7I42?node-id=59:2#1490339549"
"63","60","Tino","7,1","View In Figma","","","29/10/2025, 15:17:11.535","Y","","https://www.figma.com/file/nRnOGKN6Ax9nfekLNH7I42?node-id=59:2#1490339719"
"64","61","Tino","7,5","View In Figma","","","29/10/2025, 15:17:24.122","Y","","https://www.figma.com/file/nRnOGKN6Ax9nfekLNH7I42?node-id=59:2#1490340227"
"65","62","Tino","7,4","View In Figma","","","29/10/2025, 15:17:30.832","Y","","https://www.figma.com/file/nRnOGKN6Ax9nfekLNH7I42?node-id=59:2#1490340504"
"66","63","Tino","7,8","View In Figma","","","29/10/2025, 15:17:38.797","Y","","https://www.figma.com/file/nRnOGKN6Ax9nfekLNH7I42?node-id=59:2#1490340857"
"67","64","Tino","speck","View In Figma","","","29/10/2025, 15:17:58.854","Y","","https://www.figma.com/file/nRnOGKN6Ax9nfekLNH7I42?node-id=59:2#1490341689"
"68","65","Tino","9,2","View In Figma","","","29/10/2025, 15:18:03.869","Y","","https://www.figma.com/file/nRnOGKN6Ax9nfekLNH7I42?node-id=59:2#1490341926"
"69","66","Tino","lassen","View In Figma","","","29/10/2025, 15:18:15.479","Y","","https://www.figma.com/file/nRnOGKN6Ax9nfekLNH7I42?node-id=59:2#1490342386"
"70","67","Tino","5","View In Figma","","","29/10/2025, 15:20:02.096","Y","","https://www.figma.com/file/nRnOGKN6Ax9nfekLNH7I42?node-id=59:2#1490346699"
"72","68","Tino","6,3","View In Figma","","","29/10/2025, 15:20:22.599","Y","","https://www.figma.com/file/nRnOGKN6Ax9nfekLNH7I42?node-id=59:2#1490347531"
"73","69","Tino","6,9","View In Figma","","","29/10/2025, 15:20:31.673","Y","","https://www.figma.com/file/nRnOGKN6Ax9nfekLNH7I42?node-id=59:2#1490347864"
"74","70","Tino","6,9","View In Figma","","","29/10/2025, 15:20:44.867","Y","","https://www.figma.com/file/nRnOGKN6Ax9nfekLNH7I42?node-id=59:2#1490348384"
"75","71","Tino","6 streifen","View In Figma","","","29/10/2025, 15:21:06.840","Y","","https://www.figma.com/file/nRnOGKN6Ax9nfekLNH7I42?node-id=59:2#1490349244"
"76","72","Tino","4,7","View In Figma","","","29/10/2025, 15:21:12.964","Y","","https://www.figma.com/file/nRnOGKN6Ax9nfekLNH7I42?node-id=59:2#1490349495"
"77","73","Tino","8,6","View In Figma","","","29/10/2025, 15:24:47.413","Y","","https://www.figma.com/file/nRnOGKN6Ax9nfekLNH7I42?node-id=59:2#1490358055"
"78","74","Tino","8,2","View In Figma","","","29/10/2025, 15:25:01.357","Y","","https://www.figma.com/file/nRnOGKN6Ax9nfekLNH7I42?node-id=59:2#1490358644"
"79","75","Tino","7,2","View In Figma","","","29/10/2025, 15:25:22.673","Y","","https://www.figma.com/file/nRnOGKN6Ax9nfekLNH7I42?node-id=59:2#1490359523"
"80","76","Tino","7,8","View In Figma","","","29/10/2025, 15:26:00.237","Y","","https://www.figma.com/file/nRnOGKN6Ax9nfekLNH7I42?node-id=59:2#1490360909"
"81","76","Tino","6,9","View In Figma","","","29/10/2025, 15:26:00.256","Y","","https://www.figma.com/file/nRnOGKN6Ax9nfekLNH7I42?node-id=59:2#1490360910"
"82","78","Tino","7,8","View In Figma","","","29/10/2025, 15:26:02.058","Y","","https://www.figma.com/file/nRnOGKN6Ax9nfekLNH7I42?node-id=59:2#1490360995"
"83","79","Tino","7,9","View In Figma","","","29/10/2025, 15:26:06.378","Y","","https://www.figma.com/file/nRnOGKN6Ax9nfekLNH7I42?node-id=59:2#1490361151"
"84","80","Tino","11,9","View In Figma","","","29/10/2025, 15:26:19.164","Y","","https://www.figma.com/file/nRnOGKN6Ax9nfekLNH7I42?node-id=59:2#1490361652"
"85","81","Tino","10,6","View In Figma","","","29/10/2025, 15:26:36.005","Y","","https://www.figma.com/file/nRnOGKN6Ax9nfekLNH7I42?node-id=59:2#1490362303"
"86","82","Tino","8,7","View In Figma","","","29/10/2025, 15:26:44.906","Y","","https://www.figma.com/file/nRnOGKN6Ax9nfekLNH7I42?node-id=59:2#1490362684"
"87","83","Tino","9,5","View In Figma","","","29/10/2025, 15:26:51.095","Y","","https://www.figma.com/file/nRnOGKN6Ax9nfekLNH7I42?node-id=59:2#1490362936"
"88","84","Tino","9,5","View In Figma","","","29/10/2025, 15:26:59.333","Y","","https://www.figma.com/file/nRnOGKN6Ax9nfekLNH7I42?node-id=59:2#1490363241"
"89","85","Tino","10,2","View In Figma","","","29/10/2025, 15:27:56.796","Y","","https://www.figma.com/file/nRnOGKN6Ax9nfekLNH7I42?node-id=59:2#1490365547"
"90","86","Tino","8,9","View In Figma","","","29/10/2025, 15:28:04.751","Y","","https://www.figma.com/file/nRnOGKN6Ax9nfekLNH7I42?node-id=59:2#1490365872"
"91","87","Tino","14,5","View In Figma","","","29/10/2025, 15:28:19.125","Y","","https://www.figma.com/file/nRnOGKN6Ax9nfekLNH7I42?node-id=59:2#1490366470"
"92","88","Tino","14,5","View In Figma","","","29/10/2025, 15:28:34.480","Y","","https://www.figma.com/file/nRnOGKN6Ax9nfekLNH7I42?node-id=59:2#1490367076"
"93","89","Tino","12,4","View In Figma","","","29/10/2025, 17:04:41.390","Y","","https://www.figma.com/file/nRnOGKN6Ax9nfekLNH7I42?node-id=59:2#1490568561"
"94","90","Tino","12,5","View In Figma","","","29/10/2025, 17:04:48.146","Y","","https://www.figma.com/file/nRnOGKN6Ax9nfekLNH7I42?node-id=59:2#1490568736"
"95","91","Tino","13,4","View In Figma","","","29/10/2025, 17:05:06.483","Y","","https://www.figma.com/file/nRnOGKN6Ax9nfekLNH7I42?node-id=59:2#1490569257"
"96","92","Tino","10,30","View In Figma","","","29/10/2025, 17:05:28.169","Y","","https://www.figma.com/file/nRnOGKN6Ax9nfekLNH7I42?node-id=59:2#1490569889"
"97","93","Tino","11,4","View In Figma","","","29/10/2025, 17:05:40.038","Y","","https://www.figma.com/file/nRnOGKN6Ax9nfekLNH7I42?node-id=59:2#1490570212"
"98","94","Tino","12,2","View In Figma","","","29/10/2025, 17:05:49.388","Y","","https://www.figma.com/file/nRnOGKN6Ax9nfekLNH7I42?node-id=59:2#1490570469"
"99","95","Tino","12,3","View In Figma","","","29/10/2025, 17:06:01.937","Y","","https://www.figma.com/file/nRnOGKN6Ax9nfekLNH7I42?node-id=59:2#1490570815"
"100","96","Tino","10,80","View In Figma","","","29/10/2025, 17:06:15.201","Y","","https://www.figma.com/file/nRnOGKN6Ax9nfekLNH7I42?node-id=59:2#1490571214"
"101","97","Tino","11,6","View In Figma","","","29/10/2025, 17:06:30.064","Y","","https://www.figma.com/file/nRnOGKN6Ax9nfekLNH7I42?node-id=59:2#1490571610"
"102","98","Tino","11,7","View In Figma","","","29/10/2025, 17:06:41.320","Y","","https://www.figma.com/file/nRnOGKN6Ax9nfekLNH7I42?node-id=59:2#1490571953"
"103","99","Tino","12,2","View In Figma","","","29/10/2025, 17:06:53.826","Y","","https://www.figma.com/file/nRnOGKN6Ax9nfekLNH7I42?node-id=59:2#1490572315"
"104","100","Tino","15","View In Figma","","","29/10/2025, 17:07:01.858","Y","","https://www.figma.com/file/nRnOGKN6Ax9nfekLNH7I42?node-id=59:2#1490572535"
"105","101","Tino","11,6","View In Figma","","","29/10/2025, 17:07:11.233","Y","","https://www.figma.com/file/nRnOGKN6Ax9nfekLNH7I42?node-id=59:2#1490572824"
"106","102","Tino","10,6","View In Figma","","","29/10/2025, 17:07:40.112","Y","","https://www.figma.com/file/nRnOGKN6Ax9nfekLNH7I42?node-id=59:2#1490573686"
"107","103","Tino","11,9","View In Figma","","","29/10/2025, 17:07:50.957","Y","","https://www.figma.com/file/nRnOGKN6Ax9nfekLNH7I42?node-id=59:2#1490574024"
"108","104","Tino","11,9","View In Figma","","","29/10/2025, 17:07:55.108","Y","","https://www.figma.com/file/nRnOGKN6Ax9nfekLNH7I42?node-id=59:2#1490574147"
"109","105","Tino","+0,2","View In Figma","","","29/10/2025, 17:08:06.267","Y","","https://www.figma.com/file/nRnOGKN6Ax9nfekLNH7I42?node-id=59:2#1490574474"
"110","106","Tino","1,2","View In Figma","","","29/10/2025, 17:08:24.056","Y","","https://www.figma.com/file/nRnOGKN6Ax9nfekLNH7I42?node-id=59:2#1490574991"
"111","107","Tino","5","View In Figma","","","29/10/2025, 17:08:36.174","Y","","https://www.figma.com/file/nRnOGKN6Ax9nfekLNH7I42?node-id=59:2#1490575375"
"112","108","Tino","1,4","View In Figma","","","29/10/2025, 17:08:48.424","Y","","https://www.figma.com/file/nRnOGKN6Ax9nfekLNH7I42?node-id=59:2#1490575748"
"113","109","Tino","12,3","View In Figma","","","29/10/2025, 17:09:35.801","Y","","https://www.figma.com/file/nRnOGKN6Ax9nfekLNH7I42?node-id=59:2#1490577204"
"114","110","Tino","13,9","View In Figma","","","29/10/2025, 17:10:01.370","Y","","https://www.figma.com/file/nRnOGKN6Ax9nfekLNH7I42?node-id=59:2#1490577997"
"115","111","Tino","15,9","View In Figma","","","29/10/2025, 17:10:40.252","Y","","https://www.figma.com/file/nRnOGKN6Ax9nfekLNH7I42?node-id=59:2#1490579132"
"116","112","Tino","13,90","View In Figma","","","29/10/2025, 17:10:47.390","Y","","https://www.figma.com/file/nRnOGKN6Ax9nfekLNH7I42?node-id=59:2#1490579362"
"117","113","Tino","14,90","View In Figma","","","29/10/2025, 17:10:56.518","Y","","https://www.figma.com/file/nRnOGKN6Ax9nfekLNH7I42?node-id=59:2#1490579623"
"118","114","Tino","3,7","View In Figma","","","29/10/2025, 17:12:15.652","Y","","https://www.figma.com/file/nRnOGKN6Ax9nfekLNH7I42?node-id=59:2#1490582036"
"119","115","Tino","4,3","View In Figma","","","29/10/2025, 17:12:23.606","Y","","https://www.figma.com/file/nRnOGKN6Ax9nfekLNH7I42?node-id=59:2#1490582270"
"120","116","Tino","4,3","View In Figma","","","29/10/2025, 17:12:29.740","Y","","https://www.figma.com/file/nRnOGKN6Ax9nfekLNH7I42?node-id=59:2#1490582433"
"121","117","Tino","4,7","View In Figma","","","29/10/2025, 17:13:35.329","Y","","https://www.figma.com/file/nRnOGKN6Ax9nfekLNH7I42?node-id=59:2#1490584515"
"122","118","Tino","3,2","View In Figma","","","29/10/2025, 17:14:13.281","Y","","https://www.figma.com/file/nRnOGKN6Ax9nfekLNH7I42?node-id=59:2#1490585769"
"123","119","Tino","4,7","View In Figma","","","29/10/2025, 17:14:17.766","Y","","https://www.figma.com/file/nRnOGKN6Ax9nfekLNH7I42?node-id=59:2#1490585903"
"124","120","Tino","5","View In Figma","","","29/10/2025, 17:14:46.009","Y","","https://www.figma.com/file/nRnOGKN6Ax9nfekLNH7I42?node-id=59:2#1490586745"
"125","121","Tino","5,7","View In Figma","","","29/10/2025, 17:15:06.807","Y","","https://www.figma.com/file/nRnOGKN6Ax9nfekLNH7I42?node-id=59:2#1490587418"
"126","122","Tino","4,5","View In Figma","","","29/10/2025, 17:15:19.962","Y","","https://www.figma.com/file/nRnOGKN6Ax9nfekLNH7I42?node-id=59:2#1490587852"
"127","123","Tino","4,4","View In Figma","","","29/10/2025, 17:15:56.929","Y","","https://www.figma.com/file/nRnOGKN6Ax9nfekLNH7I42?node-id=59:2#1490589059"
"128","124","Tino","20,8","View In Figma","","","29/10/2025, 17:16:37.160","Y","","https://www.figma.com/file/nRnOGKN6Ax9nfekLNH7I42?node-id=59:2#1490590326"
"129","125","Tino","21,80","View In Figma","","","29/10/2025, 17:16:44.433","Y","","https://www.figma.com/file/nRnOGKN6Ax9nfekLNH7I42?node-id=59:2#1490590555"
"130","126","Tino","19,50","View In Figma","","","29/10/2025, 17:17:05.606","Y","","https://www.figma.com/file/nRnOGKN6Ax9nfekLNH7I42?node-id=59:2#1490591173"
"131","127","Tino","17,80","View In Figma","","","29/10/2025, 17:17:29.945","Y","","https://www.figma.com/file/nRnOGKN6Ax9nfekLNH7I42?node-id=59:2#1490591943"
"132","128","Tino","20,10","View In Figma","","","29/10/2025, 17:17:46.180","Y","","https://www.figma.com/file/nRnOGKN6Ax9nfekLNH7I42?node-id=59:2#1490592428"
"133","129","Tino","19,90","View In Figma","","","29/10/2025, 17:18:19.752","Y","","https://www.figma.com/file/nRnOGKN6Ax9nfekLNH7I42?node-id=59:2#1490593401"
"134","130","Tino","16,80","View In Figma","","","29/10/2025, 17:18:50.603","Y","","https://www.figma.com/file/nRnOGKN6Ax9nfekLNH7I42?node-id=59:2#1490594321"
"135","131","Tino","14,90","View In Figma","","","29/10/2025, 17:18:58.825","Y","","https://www.figma.com/file/nRnOGKN6Ax9nfekLNH7I42?node-id=59:2#1490594556"
"136","132","Tino","200g","View In Figma","","","29/10/2025, 17:24:06.643","Y","","https://www.figma.com/file/nRnOGKN6Ax9nfekLNH7I42?node-id=59:2#1490603960"
"137","133","Tino","13,70","View In Figma","","","29/10/2025, 17:24:20.047","Y","","https://www.figma.com/file/nRnOGKN6Ax9nfekLNH7I42?node-id=59:2#1490604365"
"138","134","Tino","17,40","View In Figma","","","29/10/2025, 17:24:30.305","Y","","https://www.figma.com/file/nRnOGKN6Ax9nfekLNH7I42?node-id=59:2#1490604723"
"139","135","Tino","200g","View In Figma","","","29/10/2025, 17:25:24.526","Y","","https://www.figma.com/file/nRnOGKN6Ax9nfekLNH7I42?node-id=59:2#1490606375"
"140","136","Tino","200g","View In Figma","","","29/10/2025, 17:25:29.952","Y","","https://www.figma.com/file/nRnOGKN6Ax9nfekLNH7I42?node-id=59:2#1490606566"
"141","137","Tino","15,1","View In Figma","","","29/10/2025, 17:25:42.609","Y","","https://www.figma.com/file/nRnOGKN6Ax9nfekLNH7I42?node-id=59:2#1490606953"
"142","138","Tino","5","View In Figma","","","29/10/2025, 17:25:55.291","Y","","https://www.figma.com/file/nRnOGKN6Ax9nfekLNH7I42?node-id=59:2#1490607296"
"143","139","Tino","14,7","View In Figma","","","29/10/2025, 17:26:08.541","Y","","https://www.figma.com/file/nRnOGKN6Ax9nfekLNH7I42?node-id=59:2#1490607743"
"144","140","Tino","28,40","View In Figma","","","29/10/2025, 17:26:48.371","Y","","https://www.figma.com/file/nRnOGKN6Ax9nfekLNH7I42?node-id=59:2#1490608986"
"145","141","Tino","28,80","View In Figma","","","29/10/2025, 17:26:59.104","Y","","https://www.figma.com/file/nRnOGKN6Ax9nfekLNH7I42?node-id=59:2#1490609309"
"146","142","Tino","39,80","View In Figma","","","29/10/2025, 17:27:13.319","Y","","https://www.figma.com/file/nRnOGKN6Ax9nfekLNH7I42?node-id=59:2#1490609727"
"147","143","Tino","27,30","View In Figma","","","29/10/2025, 17:28:48.062","Y","","https://www.figma.com/file/nRnOGKN6Ax9nfekLNH7I42?node-id=59:2#1490612490"
"148","144","Tino","26","View In Figma","","","29/10/2025, 17:29:00.644","Y","","https://www.figma.com/file/nRnOGKN6Ax9nfekLNH7I42?node-id=59:2#1490612866"
"149","145","Tino","9,9","View In Figma","","","29/10/2025, 17:29:52.417","Y","","https://www.figma.com/file/nRnOGKN6Ax9nfekLNH7I42?node-id=59:2#1490614363"
"150","146","Tino","13,9","View In Figma","","","29/10/2025, 17:30:01.934","Y","","https://www.figma.com/file/nRnOGKN6Ax9nfekLNH7I42?node-id=59:2#1490614645"
"151","147","Tino","13,90","View In Figma","","","29/10/2025, 17:30:22.730","Y","","https://www.figma.com/file/nRnOGKN6Ax9nfekLNH7I42?node-id=59:2#1490615266"
"152","148","Tino","13,1","View In Figma","","","29/10/2025, 17:30:56.092","Y","","https://www.figma.com/file/nRnOGKN6Ax9nfekLNH7I42?node-id=59:2#1490616222"
"153","149","Tino","13,8","View In Figma","","","29/10/2025, 17:31:09.309","Y","","https://www.figma.com/file/nRnOGKN6Ax9nfekLNH7I42?node-id=59:2#1490616599"
"154","150","Tino","10,8","View In Figma","","","29/10/2025, 17:31:42.087","Y","","https://www.figma.com/file/nRnOGKN6Ax9nfekLNH7I42?node-id=59:2#1490617548"
"155","151","Tino","10,5","View In Figma","","","29/10/2025, 17:32:12.416","Y","","https://www.figma.com/file/nRnOGKN6Ax9nfekLNH7I42?node-id=59:2#1490618447"
"156","152","Tino","10,7","View In Figma","","","29/10/2025, 17:32:33.738","Y","","https://www.figma.com/file/nRnOGKN6Ax9nfekLNH7I42?node-id=59:2#1490619060"
"157","153","Tino","16,8","View In Figma","","","29/10/2025, 17:32:45.912","Y","","https://www.figma.com/file/nRnOGKN6Ax9nfekLNH7I42?node-id=59:2#1490619379"
"158","154","Tino","10,5","View In Figma","","","29/10/2025, 17:32:56.703","Y","","https://www.figma.com/file/nRnOGKN6Ax9nfekLNH7I42?node-id=59:2#1490619673"
"159","155","Tino","10,90","View In Figma","","","29/10/2025, 17:33:35.864","Y","","https://www.figma.com/file/nRnOGKN6Ax9nfekLNH7I42?node-id=59:2#1490620775"
"160","156","Tino","15,10","View In Figma","","","29/10/2025, 17:33:45.196","Y","","https://www.figma.com/file/nRnOGKN6Ax9nfekLNH7I42?node-id=59:2#1490621029"
"161","157","Tino","10,7","View In Figma","","","29/10/2025, 17:35:52.666","Y","","https://www.figma.com/file/nRnOGKN6Ax9nfekLNH7I42?node-id=59:2#1490624646"
"162","158","Tino","happy hourse","View In Figma","","","29/10/2025, 17:39:58.204","Y","","https://www.figma.com/file/nRnOGKN6Ax9nfekLNH7I42?node-id=59:2#1490631672"
"163","159","Tino","leight night dinner menü ab 21Uhr (2P)","View In Figma","","","29/10/2025, 17:42:58.211","Y","","https://www.figma.com/file/nRnOGKN6Ax9nfekLNH7I42?node-id=59:2#1490636705"
"170","160","Tino","5,4","View In Figma","","","29/10/2025, 17:49:35.545","Y","","https://www.figma.com/file/nRnOGKN6Ax9nfekLNH7I42?node-id=59:2#1490648191"
"171","161","Tino","5,7","View In Figma","","","29/10/2025, 17:49:39.217","Y","","https://www.figma.com/file/nRnOGKN6Ax9nfekLNH7I42?node-id=59:2#1490648292"
"172","162","Tino","5,6","View In Figma","","","29/10/2025, 17:49:44.830","Y","","https://www.figma.com/file/nRnOGKN6Ax9nfekLNH7I42?node-id=59:2#1490648463"
"173","163","Tino","5,5","View In Figma","","","29/10/2025, 17:50:02.442","Y","","https://www.figma.com/file/nRnOGKN6Ax9nfekLNH7I42?node-id=59:2#1490648957"
"174","164","Tino","4,8","View In Figma","","","29/10/2025, 17:50:10.407","Y","","https://www.figma.com/file/nRnOGKN6Ax9nfekLNH7I42?node-id=59:2#1490649186"
"175","165","Tino","7,5","View In Figma","","","29/10/2025, 17:50:31.809","Y","","https://www.figma.com/file/nRnOGKN6Ax9nfekLNH7I42?node-id=59:2#1490649821"
"176","166","Tino","7,4","View In Figma","","","29/10/2025, 17:50:36.571","Y","","https://www.figma.com/file/nRnOGKN6Ax9nfekLNH7I42?node-id=59:2#1490649942"
"178","167","Tino","4,3","View In Figma","","","29/10/2025, 17:50:59.850","Y","","https://www.figma.com/file/nRnOGKN6Ax9nfekLNH7I42?node-id=59:2#1490650581"
"179","168","Tino","7,9","View In Figma","","","29/10/2025, 17:51:08.440","Y","","https://www.figma.com/file/nRnOGKN6Ax9nfekLNH7I42?node-id=59:2#1490650838"
"180","169","Tino","7,8","View In Figma","","","29/10/2025, 17:51:31.037","Y","","https://www.figma.com/file/nRnOGKN6Ax9nfekLNH7I42?node-id=59:2#1490651506"
"181","170","Tino","7,2","View In Figma","","","29/10/2025, 17:51:49.435","Y","","https://www.figma.com/file/nRnOGKN6Ax9nfekLNH7I42?node-id=59:2#1490652016"
"182","171","Tino","6,8","View In Figma","","","29/10/2025, 17:53:58.869","Y","","https://www.figma.com/file/nRnOGKN6Ax9nfekLNH7I42?node-id=59:2#1490655555"
"183","172","Tino","+0,2","View In Figma","","","29/10/2025, 17:54:07.899","Y","","https://www.figma.com/file/nRnOGKN6Ax9nfekLNH7I42?node-id=59:2#1490655820"
"184","173","Tino","+0,2","View In Figma","","","29/10/2025, 17:55:06.269","Y","","https://www.figma.com/file/nRnOGKN6Ax9nfekLNH7I42?node-id=59:2#1490657428"
"185","174","Tino","3,7","View In Figma","","","29/10/2025, 17:55:42.925","Y","","https://www.figma.com/file/nRnOGKN6Ax9nfekLNH7I42?node-id=59:2#1490658398"
"186","175","Tino","wie drin","View In Figma","","","29/10/2025, 17:55:55.415","Y","","https://www.figma.com/file/nRnOGKN6Ax9nfekLNH7I42?node-id=59:2#1490658695"
"187","176","Tino","gleich wie drin anpassen","View In Figma","","","29/10/2025, 17:56:05.031","Y","","https://www.figma.com/file/nRnOGKN6Ax9nfekLNH7I42?node-id=59:2#1490658958"
"188","177","Tino","5,1","View In Figma","","","29/10/2025, 17:56:48.415","Y","","https://www.figma.com/file/nRnOGKN6Ax9nfekLNH7I42?node-id=59:2#1490660152"
"189","178","Tino","8,3","View In Figma","","","29/10/2025, 17:57:10.159","Y","","https://www.figma.com/file/nRnOGKN6Ax9nfekLNH7I42?node-id=59:2#1490660735"
"190","179","Tino","9,9","View In Figma","","","29/10/2025, 17:57:27.553","Y","","https://www.figma.com/file/nRnOGKN6Ax9nfekLNH7I42?node-id=59:2#1490661179"
"191","180","Tino","10,90","View In Figma","","","29/10/2025, 17:57:37.612","Y","","https://www.figma.com/file/nRnOGKN6Ax9nfekLNH7I42?node-id=59:2#1490661435"
"192","181","Tino","10,8","View In Figma","","","29/10/2025, 17:57:54.420","Y","","https://www.figma.com/file/nRnOGKN6Ax9nfekLNH7I42?node-id=59:2#1490661884"
"193","182","Tino","0, 04","View In Figma","","","29/10/2025, 17:58:17.623","Y","","https://www.figma.com/file/nRnOGKN6Ax9nfekLNH7I42?node-id=59:2#1490662523"
"194","183","Tino","wie vothger","View In Figma","","","29/10/2025, 17:58:37.661","Y","","https://www.figma.com/file/nRnOGKN6Ax9nfekLNH7I42?node-id=59:2#1490663096"
"195","184","Tino","wie drin","View In Figma","","","29/10/2025, 17:58:45.009","Y","","https://www.figma.com/file/nRnOGKN6Ax9nfekLNH7I42?node-id=59:2#1490663304"
"196","185","Tino","wie drin","View In Figma","","","29/10/2025, 17:58:48.924","Y","","https://www.figma.com/file/nRnOGKN6Ax9nfekLNH7I42?node-id=59:2#1490663426"
"197","186","Tino","3,9","View In Figma","","","29/10/2025, 17:58:58.041","Y","","https://www.figma.com/file/nRnOGKN6Ax9nfekLNH7I42?node-id=59:2#1490663661"
"198","187","Tino","wie drin erhöhen","View In Figma","","","29/10/2025, 17:59:09.801","Y","","https://www.figma.com/file/nRnOGKN6Ax9nfekLNH7I42?node-id=59:2#1490664008"
"199","188","Tino","Fritsante Serrena","View In Figma","","","11/11/2025, 16:01:04.347","Y","","https://www.figma.com/file/nRnOGKN6Ax9nfekLNH7I42?node-id=59:2#1508918121"
"200","189","Tino","zero buggles","View In Figma","","","11/11/2025, 16:01:31.955","Y","","https://www.figma.com/file/nRnOGKN6Ax9nfekLNH7I42?node-id=59:2#1508918883"
"201","190","Tino","@Alex @Alex where is the english card?","View In Figma","Resolved","19/01/2026, 07:30:56.974","17/01/2026, 08:30:02.043","Y","","https://www.figma.com/file/nRnOGKN6Ax9nfekLNH7I42?node-id=166:11090#1592155422"
"202","191","Tino | Amitschi","Search for a specific product, article number or product group, or individual employees by name or employee number.","View In Figma","","","22/02/2026, 07:39:13.087","Y","","https://www.figma.com/file/nRnOGKN6Ax9nfekLNH7I42?node-id=301:2#1643232451"
"204","192","Tino | Amitschi","coming soon","View In Figma","","","22/02/2026, 07:42:19.144","Y","","https://www.figma.com/file/nRnOGKN6Ax9nfekLNH7I42?node-id=301:2#1643233031"
"205","193","Tino | Amitschi","same like left but to the different time periode","View In Figma","","","22/02/2026, 07:42:50.184","Y","","https://www.figma.com/file/nRnOGKN6Ax9nfekLNH7I42?node-id=301:2#1643233131"
"206","194","Tino | Amitschi","Produktgruppe","View In Figma","","","22/02/2026, 07:45:06.297","Y","","https://www.figma.com/file/nRnOGKN6Ax9nfekLNH7I42?node-id=301:2#1643233551"
"208","195","Tino | Amitschi","Mitarbeiter","View In Figma","","","22/02/2026, 07:45:44.037","Y","","https://www.figma.com/file/nRnOGKN6Ax9nfekLNH7I42?node-id=301:2#1643233683"
"210","196","Tino | Amitschi","Alle Restaurants","View In Figma","","","22/02/2026, 07:48:24.037","Y","","https://www.figma.com/file/nRnOGKN6Ax9nfekLNH7I42?node-id=301:2#1643234244"
"212","197","Tino | Amitschi","same all the time","View In Figma","","","22/02/2026, 08:04:47.030","Y","","https://www.figma.com/file/nRnOGKN6Ax9nfekLNH7I42?node-id=301:2#1643237471"
"213","198","Tino | Amitschi","System.Xml.XmlElement","View In Figma","","","22/02/2026, 08:08:13.503","Y","","https://www.figma.com/file/nRnOGKN6Ax9nfekLNH7I42?node-id=301:2#1643238127"
"215","199","Tino | Amitschi","this is coming","View In Figma","","","22/02/2026, 08:16:20.487","Y","","https://www.figma.com/file/nRnOGKN6Ax9nfekLNH7I42?node-id=301:2#1643239879"
"216","200","Tino | Amitschi","einfach eine Excel Tebelle Spiegeln die wir in ClickUp führen","View In Figma","Resolved","08/03/2026, 13:28:15.635","22/02/2026, 08:39:17.405","Y","","https://www.figma.com/file/nRnOGKN6Ax9nfekLNH7I42?node-id=301:2#1643244297"
"217","201","Tino | Amitschi","System.Xml.XmlElement","View In Figma","","","22/02/2026, 08:45:42.296","Y","","https://www.figma.com/file/nRnOGKN6Ax9nfekLNH7I42?node-id=301:2#1643245662"
"220","202","Tino | Amitschi","Number of guests","View In Figma","","","01/03/2026, 07:35:17.468","Y","","https://www.figma.com/file/nRnOGKN6Ax9nfekLNH7I42?node-id=301:2#1653631301"
"221","203","Tino | Amitschi","Number of tables","View In Figma","","","01/03/2026, 07:35:39.583","Y","","https://www.figma.com/file/nRnOGKN6Ax9nfekLNH7I42?node-id=301:2#1653631346"
"222","204","Tino | Amitschi","number of employees","View In Figma","","","01/03/2026, 07:36:22.464","Y","","https://www.figma.com/file/nRnOGKN6Ax9nfekLNH7I42?node-id=301:2#1653631426"
"224","205","Tino | Amitschi","System.Xml.XmlElement","View In Figma","","","01/03/2026, 07:42:57.046","Y","","https://www.figma.com/file/nRnOGKN6Ax9nfekLNH7I42?node-id=301:2#1653632417"
"227","206","Tino | Amitschi","Auslastung 1","View In Figma","","","01/03/2026, 07:44:29.829","Y","","https://www.figma.com/file/nRnOGKN6Ax9nfekLNH7I42?node-id=301:2#1653632657"
"229","207","Tino | Amitschi","Auslastung im Vergleich","View In Figma","","","01/03/2026, 07:44:53.593","Y","","https://www.figma.com/file/nRnOGKN6Ax9nfekLNH7I42?node-id=301:2#1653632721"
"230","208","Tino | Amitschi","Is there a feature here that lets you write a comment on a specific day that stays visible and is saved? So that if you look at that week a year later and, for example, have a comment like: ""Start of vacation,"" ""Public holiday,"" or ""Bridge day,"" it will still be there.","View In Figma","","","01/03/2026, 07:52:28.896","Y","","https://www.figma.com/file/nRnOGKN6Ax9nfekLNH7I42?node-id=301:2#1653633848"
"231","209","Tino | Amitschi","Mitarbeitervergleich","View In Figma","","","01/03/2026, 07:55:36.908","Y","","https://www.figma.com/file/nRnOGKN6Ax9nfekLNH7I42?node-id=301:2#1653634373"
"233","210","Tino | Amitschi","Produkgruppe","View In Figma","","","01/03/2026, 07:56:05.813","Y","","https://www.figma.com/file/nRnOGKN6Ax9nfekLNH7I42?node-id=301:2#1653634444"
"235","211","Tino | Amitschi","Umsatz","View In Figma","","","01/03/2026, 07:58:04.710","Y","","https://www.figma.com/file/nRnOGKN6Ax9nfekLNH7I42?node-id=301:2#1653634733"
"237","212","Tino | Amitschi","Mitarbeitergruppe","View In Figma","","","01/03/2026, 08:00:13.335","Y","","https://www.figma.com/file/nRnOGKN6Ax9nfekLNH7I42?node-id=301:2#1653635053"
"239","213","Tino | Amitschi","System.Xml.XmlElement","View In Figma","","","01/03/2026, 08:01:24.180","Y","","https://www.figma.com/file/nRnOGKN6Ax9nfekLNH7I42?node-id=301:2#1653635207"
"240","214","Tino | Amitschi","Stundenlohn","View In Figma","","","01/03/2026, 08:01:34.825","Y","","https://www.figma.com/file/nRnOGKN6Ax9nfekLNH7I42?node-id=301:2#1653635223"
"242","215","Tino | Amitschi","a field that can be freely described","View In Figma","","","01/03/2026, 08:01:59.935","Y","","https://www.figma.com/file/nRnOGKN6Ax9nfekLNH7I42?node-id=301:2#1653635295"
"244","216","Tino | Amitschi","Produktivität pro Arbeitsstunde","View In Figma","","","01/03/2026, 08:04:25.842","Y","","https://www.figma.com/file/nRnOGKN6Ax9nfekLNH7I42?node-id=301:2#1653635631"
"246","217","Tino | Amitschi","explenation","View In Figma","","","01/03/2026, 08:06:29.951","Y","","https://www.figma.com/file/nRnOGKN6Ax9nfekLNH7I42?node-id=301:2#1653635896"
"247","218","Tino | Amitschi","Umsatz pro Gast","View In Figma","","","01/03/2026, 08:09:28.392","Y","","https://www.figma.com/file/nRnOGKN6Ax9nfekLNH7I42?node-id=301:2#1653636284"
"249","219","Tino | Amitschi","Bediente Gäste","View In Figma","","","01/03/2026, 08:09:54.708","Y","","https://www.figma.com/file/nRnOGKN6Ax9nfekLNH7I42?node-id=301:2#1653636349"
"251","220","Tino | Amitschi","Getränkequote","View In Figma","","","01/03/2026, 08:10:20.898","Y","","https://www.figma.com/file/nRnOGKN6Ax9nfekLNH7I42?node-id=301:2#1653636409"
"253","221","Tino | Amitschi","Upselling-Rate","View In Figma","","","01/03/2026, 08:10:35.960","Y","","https://www.figma.com/file/nRnOGKN6Ax9nfekLNH7I42?node-id=301:2#1653636446"
"255","222","Tino | Amitschi","Durchschnittliche Rabatte pro Tag (total)","View In Figma","","","01/03/2026, 08:12:38.731","Y","","https://www.figma.com/file/nRnOGKN6Ax9nfekLNH7I42?node-id=301:2#1653636764"
"257","223","Tino | Amitschi","Durchschnittliche Anzahl an Stornos pro Tag (total)","View In Figma","","","01/03/2026, 08:12:53.982","Y","","https://www.figma.com/file/nRnOGKN6Ax9nfekLNH7I42?node-id=301:2#1653636811"
"259","224","Tino | Amitschi","Rechnungsnummer","View In Figma","","","01/03/2026, 08:18:23.054","Y","","https://www.figma.com/file/nRnOGKN6Ax9nfekLNH7I42?node-id=301:2#1653637614"
"261","225","Tino | Amitschi","Rechnungen mit Stornos","View In Figma","","","01/03/2026, 08:19:11.002","Y","","https://www.figma.com/file/nRnOGKN6Ax9nfekLNH7I42?node-id=301:2#1653637728"
"263","226","Tino | Amitschi","Rechnungen mit Umbuchungen","View In Figma","","","01/03/2026, 08:19:35.539","Y","","https://www.figma.com/file/nRnOGKN6Ax9nfekLNH7I42?node-id=301:2#1653637800"
"265","227","Tino | Amitschi","Auslastung Übersicht","View In Figma","","","01/03/2026, 08:21:44.272","Y","","https://www.figma.com/file/nRnOGKN6Ax9nfekLNH7I42?node-id=301:2#1653638126"
"266","228","Tino | Amitschi","Auslastung nach Woche","View In Figma","Resolved","01/03/2026, 08:24:48.935","01/03/2026, 08:22:02.232","Y","","https://www.figma.com/file/nRnOGKN6Ax9nfekLNH7I42?node-id=301:2#1653638177"
"267","229","Tino | Amitschi","Gäste","View In Figma","","","01/03/2026, 08:22:49.598","Y","","https://www.figma.com/file/nRnOGKN6Ax9nfekLNH7I42?node-id=301:2#1653638327"
"268","230","Tino | Amitschi","Gästeanzahl","View In Figma","","","01/03/2026, 08:23:00.035","Y","","https://www.figma.com/file/nRnOGKN6Ax9nfekLNH7I42?node-id=301:2#1653638360"
"269","231","Tino | Amitschi","Grafik","View In Figma","","","01/03/2026, 08:24:44.040","Y","","https://www.figma.com/file/nRnOGKN6Ax9nfekLNH7I42?node-id=301:2#1653638641"
"270","232","Tino | Amitschi","Only the key performance indicators (KPIs) used in the head map should be used here. This area should be accessible to employees with lower access rights.","View In Figma","","","01/03/2026, 08:26:48.121","Y","","https://www.figma.com/file/nRnOGKN6Ax9nfekLNH7I42?node-id=301:2#1653638965"
"271","233","Tino | Amitschi","Rechnungsnummer","View In Figma","","","01/03/2026, 08:27:23.253","Y","","https://www.figma.com/file/nRnOGKN6Ax9nfekLNH7I42?node-id=301:2#1653639069"
"273","234","Tino | Amitschi","Umsatz","View In Figma","","","01/03/2026, 08:27:31.588","Y","","https://www.figma.com/file/nRnOGKN6Ax9nfekLNH7I42?node-id=301:2#1653639093"
"275","235","Tino | Amitschi","Bestellte Artikel","View In Figma","","","01/03/2026, 08:27:45.302","Y","","https://www.figma.com/file/nRnOGKN6Ax9nfekLNH7I42?node-id=301:2#1653639140"
"277","236","Tino | Amitschi","Verantwortliche Kellner","View In Figma","","","01/03/2026, 08:27:56.519","Y","","https://www.figma.com/file/nRnOGKN6Ax9nfekLNH7I42?node-id=301:2#1653639177"
"279","237","Tino | Amitschi","Umbuchung","View In Figma","","","01/03/2026, 08:28:22.871","Y","","https://www.figma.com/file/nRnOGKN6Ax9nfekLNH7I42?node-id=301:2#1653639270"
"282","238","Tino | Amitschi","Storno","View In Figma","","","01/03/2026, 08:28:28.822","Y","","https://www.figma.com/file/nRnOGKN6Ax9nfekLNH7I42?node-id=301:2#1653639291"
"284","239","Tino | Amitschi","Produktgruppe","View In Figma","","","01/03/2026, 08:31:55.494","Y","","https://www.figma.com/file/nRnOGKN6Ax9nfekLNH7I42?node-id=301:2#1653639839"
"286","240","Tino | Amitschi","Verkaufsvolumen","View In Figma","","","01/03/2026, 08:36:15.268","Y","","https://www.figma.com/file/nRnOGKN6Ax9nfekLNH7I42?node-id=301:2#1653640579"
"287","241","Tino | Amitschi","Gewinnmarge","View In Figma","","","01/03/2026, 08:36:28.955","Y","","https://www.figma.com/file/nRnOGKN6Ax9nfekLNH7I42?node-id=301:2#1653640613"
"288","242","Tino | Amitschi","Renner Produkte","View In Figma","","","01/03/2026, 08:36:41.794","Y","","https://www.figma.com/file/nRnOGKN6Ax9nfekLNH7I42?node-id=301:2#1653640658"
"289","243","Tino | Amitschi","Penner Produkte","View In Figma","","","01/03/2026, 08:37:10.186","Y","","https://www.figma.com/file/nRnOGKN6Ax9nfekLNH7I42?node-id=301:2#1653640748"
"290","244","Tino | Amitschi","Push Produkte","View In Figma","","","01/03/2026, 08:38:07.678","Y","","https://www.figma.com/file/nRnOGKN6Ax9nfekLNH7I42?node-id=301:2#1653640925"
"291","245","Tino | Amitschi","Margen Push Produkte","View In Figma","","","01/03/2026, 08:40:23.449","Y","","https://www.figma.com/file/nRnOGKN6Ax9nfekLNH7I42?node-id=301:2#1653641285"
"292","246","Tino | Amitschi","Säulen","View In Figma","Resolved","01/03/2026, 08:44:29.224","01/03/2026, 08:42:38.596","Y","","https://www.figma.com/file/nRnOGKN6Ax9nfekLNH7I42?node-id=301:2#1653641647"
"293","247","Tino | Amitschi","It is important to me that I can grant access to the individual areas.","View In Figma","","","01/03/2026, 08:51:56.346","Y","","https://www.figma.com/file/nRnOGKN6Ax9nfekLNH7I42?node-id=301:2#1653643359"
"294","248","Tino | Amitschi","Rezepturen","View In Figma","","","01/03/2026, 08:56:51.587","Y","","https://www.figma.com/file/nRnOGKN6Ax9nfekLNH7I42?node-id=301:2#1653644316"
"296","249","Tino | Amitschi","Artikeln, Artikelnummer","View In Figma","","","01/03/2026, 08:57:10.746","Y","","https://www.figma.com/file/nRnOGKN6Ax9nfekLNH7I42?node-id=301:2#1653644381"
"298","250","Tino | Amitschi","Name des Artikels","View In Figma","","","01/03/2026, 08:57:29.722","Y","","https://www.figma.com/file/nRnOGKN6Ax9nfekLNH7I42?node-id=301:2#1653644446"
"300","251","Tino","Artikelnummer","View In Figma","","","02/03/2026, 08:27:18.967","Y","","https://www.figma.com/file/nRnOGKN6Ax9nfekLNH7I42?node-id=301:2#1654197683"
"302","252","Tino","Verkaufspreis","View In Figma","","","02/03/2026, 08:27:57.590","Y","","https://www.figma.com/file/nRnOGKN6Ax9nfekLNH7I42?node-id=301:2#1654198688"
"304","253","Tino","Einkaufspreis","View In Figma","","","02/03/2026, 08:28:05.716","Y","","https://www.figma.com/file/nRnOGKN6Ax9nfekLNH7I42?node-id=301:2#1654198930"
"306","254","Tino","Marge","View In Figma","","","02/03/2026, 08:28:19.720","Y","","https://www.figma.com/file/nRnOGKN6Ax9nfekLNH7I42?node-id=301:2#1654199345"
"310","255","Tino","Rezeptur","View In Figma","","","02/03/2026, 08:34:30.704","Y","","https://www.figma.com/file/nRnOGKN6Ax9nfekLNH7I42?node-id=301:2#1654209258"
"312","256","Tino","cash register data","View In Figma","","","02/03/2026, 08:35:20.507","Y","","https://www.figma.com/file/nRnOGKN6Ax9nfekLNH7I42?node-id=301:2#1654210639"
"313","257","Tino","It is derived from the individual ingredients + the purchase price of the ingredients, which I entered when shopping for ware","View In Figma","","","02/03/2026, 08:36:19.150","Y","","https://www.figma.com/file/nRnOGKN6Ax9nfekLNH7I42?node-id=301:2#1654212310"
"315","258","Tino","is then calculated.","View In Figma","","","02/03/2026, 08:36:40.668","Y","","https://www.figma.com/file/nRnOGKN6Ax9nfekLNH7I42?node-id=301:2#1654212875"
"317","259","Tino","Notiz","View In Figma","","","02/03/2026, 08:44:09.917","Y","","https://www.figma.com/file/nRnOGKN6Ax9nfekLNH7I42?node-id=301:2#1654225994"
"319","260","Tino","Clicking on it allows you to customize, create, and modify the recipe.","View In Figma","","","02/03/2026, 08:53:19.386","Y","","https://www.figma.com/file/nRnOGKN6Ax9nfekLNH7I42?node-id=301:2#1654242251"
"320","261","Tino","Rezeptur","View In Figma","","","02/03/2026, 08:53:27.969","Y","","https://www.figma.com/file/nRnOGKN6Ax9nfekLNH7I42?node-id=301:2#1654242491"
"321","262","Tino | Amitschi","Warenbezeichnung","View In Figma","","","02/03/2026, 09:04:50.560","Y","","https://www.figma.com/file/nRnOGKN6Ax9nfekLNH7I42?node-id=301:2#1654262543"
"323","263","Tino | Amitschi","Lieferant","View In Figma","","","02/03/2026, 09:05:00.183","Y","","https://www.figma.com/file/nRnOGKN6Ax9nfekLNH7I42?node-id=301:2#1654262848"
"325","264","Tino | Amitschi","Einkaufspreis","View In Figma","","","02/03/2026, 09:05:11.830","Y","","https://www.figma.com/file/nRnOGKN6Ax9nfekLNH7I42?node-id=301:2#1654263190"
"327","265","Tino | Amitschi","Einheit","View In Figma","","","02/03/2026, 09:05:37.026","Y","","https://www.figma.com/file/nRnOGKN6Ax9nfekLNH7I42?node-id=301:2#1654263971"
"329","266","Tino | Amitschi","Kommentar","View In Figma","","","02/03/2026, 09:08:54.035","Y","","https://www.figma.com/file/nRnOGKN6Ax9nfekLNH7I42?node-id=301:2#1654269949"
"331","267","Tino | Amitschi","Anzahl","View In Figma","","","02/03/2026, 09:19:50.328","Y","","https://www.figma.com/file/nRnOGKN6Ax9nfekLNH7I42?node-id=301:2#1654290322"
"333","268","Tino | Amitschi","System.Xml.XmlElement","View In Figma","","","02/03/2026, 09:26:40.647","Y","","https://www.figma.com/file/nRnOGKN6Ax9nfekLNH7I42?node-id=301:2#1654304032"
"334","269","Tino | Amitschi","System.Xml.XmlElement","View In Figma","","","02/03/2026, 09:33:43.398","Y","","https://www.figma.com/file/nRnOGKN6Ax9nfekLNH7I42?node-id=301:2#1654317645"
"335","270","Tino | Amitschi","Warengruppe","View In Figma","","","02/03/2026, 09:34:40.838","Y","","https://www.figma.com/file/nRnOGKN6Ax9nfekLNH7I42?node-id=301:2#1654319448"
"338","271","Tino | Amitschi","Ware oder Warengruppe","View In Figma","","","02/03/2026, 09:35:56.614","Y","","https://www.figma.com/file/nRnOGKN6Ax9nfekLNH7I42?node-id=301:2#1654321931"
"340","272","Tino | Amitschi","Waren","View In Figma","","","02/03/2026, 09:39:04.208","Y","","https://www.figma.com/file/nRnOGKN6Ax9nfekLNH7I42?node-id=301:2#1654328086"
"342","273","Tino | Amitschi","Warengruppe","View In Figma","","","02/03/2026, 09:39:09.218","Y","","https://www.figma.com/file/nRnOGKN6Ax9nfekLNH7I42?node-id=301:2#1654328217"
"344","274","Tino | Amitschi","For example, 3000 hamburgers were sold in the last 3 months. Therefore, €0.34 * 3000","View In Figma","","","02/03/2026, 09:43:59.128","Y","","https://www.figma.com/file/nRnOGKN6Ax9nfekLNH7I42?node-id=301:2#1654337993"
"345","275","Tino | Amitschi","Warenbezeichnung","View In Figma","","","02/03/2026, 09:45:03.075","Y","","https://www.figma.com/file/nRnOGKN6Ax9nfekLNH7I42?node-id=301:2#1654340100"
"347","276","Tino | Amitschi","Einkaufspreis","View In Figma","","","02/03/2026, 09:45:14.589","Y","","https://www.figma.com/file/nRnOGKN6Ax9nfekLNH7I42?node-id=301:2#1654340499"
"349","277","Tino | Amitschi","Anzahl","View In Figma","","","02/03/2026, 09:45:23.116","Y","","https://www.figma.com/file/nRnOGKN6Ax9nfekLNH7I42?node-id=301:2#1654340816"
"351","278","Tino | Amitschi","Einheit","View In Figma","","","02/03/2026, 09:45:32.887","Y","","https://www.figma.com/file/nRnOGKN6Ax9nfekLNH7I42?node-id=301:2#1654341164"
"353","279","Tino | Amitschi","Verbrauch","View In Figma","","","02/03/2026, 09:45:44.986","Y","","https://www.figma.com/file/nRnOGKN6Ax9nfekLNH7I42?node-id=301:2#1654341593"
"355","280","Tino | Amitschi","Wareneinkauf","View In Figma","","","02/03/2026, 09:46:18.330","Y","","https://www.figma.com/file/nRnOGKN6Ax9nfekLNH7I42?node-id=301:2#1654342732"
"357","281","Tino | Amitschi","Notiz","View In Figma","","","02/03/2026, 09:46:27.343","Y","","https://www.figma.com/file/nRnOGKN6Ax9nfekLNH7I42?node-id=301:2#1654343055"
"359","282","Tino | Amitschi","Umsatz (Brutto / Netto)","View In Figma","","","02/03/2026, 09:55:21.135","Y","","https://www.figma.com/file/nRnOGKN6Ax9nfekLNH7I42?node-id=301:2#1654361758"
"361","283","Tino | Amitschi","System.Xml.XmlElement","View In Figma","","","02/03/2026, 10:04:04.770","Y","","https://www.figma.com/file/nRnOGKN6Ax9nfekLNH7I42?node-id=301:2#1654379168"
"363","284","Tino | Amitschi","System.Xml.XmlElement","View In Figma","Resolved","08/03/2026, 12:33:53.614","02/03/2026, 10:04:31.193","Y","","https://www.figma.com/file/nRnOGKN6Ax9nfekLNH7I42?node-id=301:2#1654380009"
"364","285","Tino | Amitschi","Umsatz (Brutto / Netto)","View In Figma","Resolved","08/03/2026, 12:33:31.098","02/03/2026, 10:04:46.082","Y","","https://www.figma.com/file/nRnOGKN6Ax9nfekLNH7I42?node-id=301:2#1654380497"
"365","286","Tino | Amitschi","Umsatz (Brutto / Netto)","View In Figma","","","02/03/2026, 10:07:11.017","Y","","https://www.figma.com/file/nRnOGKN6Ax9nfekLNH7I42?node-id=301:2#1654385155"
"366","287","Tino | Amitschi","Umsatz (Brutto / Netto)","View In Figma","Resolved","02/03/2026, 10:41:00.900","02/03/2026, 10:07:17.164","Y","","https://www.figma.com/file/nRnOGKN6Ax9nfekLNH7I42?node-id=301:2#1654385352"
"367","288","Tino | Amitschi","Umsatz (Brutto / Netto)","View In Figma","","","02/03/2026, 10:07:21.779","Y","","https://www.figma.com/file/nRnOGKN6Ax9nfekLNH7I42?node-id=301:2#1654385488"
"368","289","Tino | Amitschi","Einheiten","View In Figma","","","02/03/2026, 10:07:45.482","Y","","https://www.figma.com/file/nRnOGKN6Ax9nfekLNH7I42?node-id=301:2#1654386279"
"369","290","Tino | Amitschi","Einheiten","View In Figma","Resolved","02/03/2026, 10:41:02.392","02/03/2026, 10:07:49.585","Y","","https://www.figma.com/file/nRnOGKN6Ax9nfekLNH7I42?node-id=301:2#1654386408"
"370","291","Tino | Amitschi","Einheiten","View In Figma","","","02/03/2026, 10:07:56.501","Y","","https://www.figma.com/file/nRnOGKN6Ax9nfekLNH7I42?node-id=301:2#1654386627"
"371","292","Tino | Amitschi","Zeit von der Bestellung bis Servieren","View In Figma","","","02/03/2026, 10:39:20.511","Y","","https://www.figma.com/file/nRnOGKN6Ax9nfekLNH7I42?node-id=301:2#1654448272"
"372","293","Tino | Amitschi","Durchschnittlicher Bestellwert","View In Figma","","","02/03/2026, 10:39:35.194","Y","","https://www.figma.com/file/nRnOGKN6Ax9nfekLNH7I42?node-id=301:2#1654448734"
"373","294","Tino | Amitschi","Gästeanzahl","View In Figma","","","02/03/2026, 10:39:43.468","Y","","https://www.figma.com/file/nRnOGKN6Ax9nfekLNH7I42?node-id=301:2#1654448991"
"374","295","Tino | Amitschi","Tischanzahl","View In Figma","","","02/03/2026, 10:39:52.782","Y","","https://www.figma.com/file/nRnOGKN6Ax9nfekLNH7I42?node-id=301:2#1654449271"
"375","296","Tino | Amitschi","Mitarbeiterkosten Total","View In Figma","","","02/03/2026, 10:40:37.911","Y","","https://www.figma.com/file/nRnOGKN6Ax9nfekLNH7I42?node-id=301:2#1654450732"
"376","297","Tino | Amitschi","Mitarbeitereinsatz %","View In Figma","","","02/03/2026, 10:40:50.440","Y","","https://www.figma.com/file/nRnOGKN6Ax9nfekLNH7I42?node-id=301:2#1654451121"
"377","298","Tino | Amitschi","Marge","View In Figma","","","02/03/2026, 10:41:49.223","Y","","https://www.figma.com/file/nRnOGKN6Ax9nfekLNH7I42?node-id=301:2#1654452975"
"378","299","Tino | Amitschi","Stornos","View In Figma","","","02/03/2026, 10:43:14.121","Y","","https://www.figma.com/file/nRnOGKN6Ax9nfekLNH7I42?node-id=301:2#1654455671"
"379","300","Tino | Amitschi","This is how the menu on the side should look.","View In Figma","","","02/03/2026, 10:44:18.014","Y","","https://www.figma.com/file/nRnOGKN6Ax9nfekLNH7I42?node-id=299:2#1654457791"
"381","301","Tino | Amitschi","Anteil aller Bestellungen","View In Figma","","","02/03/2026, 10:51:46.657","Y","","https://www.figma.com/file/nRnOGKN6Ax9nfekLNH7I42?node-id=301:2#1654471596"
"383","302","Tino | Amitschi","% Anteil am Umsatz","View In Figma","","","02/03/2026, 10:53:23.543","Y","","https://www.figma.com/file/nRnOGKN6Ax9nfekLNH7I42?node-id=301:2#1654474618"
"384","303","Tino | Amitschi","/","View In Figma","Resolved","08/03/2026, 13:47:48.244","02/03/2026, 11:40:07.609","Y","","https://www.figma.com/file/nRnOGKN6Ax9nfekLNH7I42?node-id=301:2#1654555654"
"385","304","Tino | Amitschi","optional","View In Figma","","","02/03/2026, 11:43:53.759","Y","","https://www.figma.com/file/nRnOGKN6Ax9nfekLNH7I42?node-id=301:2#1654561807"
"386","305","Tino | Amitschi","Optional","View In Figma","","","02/03/2026, 11:45:57.371","Y","","https://www.figma.com/file/nRnOGKN6Ax9nfekLNH7I42?node-id=301:2#1654565113"
"387","306","Tino | Amitschi","Mitarbeiter ein und ausstempeln","View In Figma","","","04/03/2026, 11:58:36.931","Y","","https://www.figma.com/file/nRnOGKN6Ax9nfekLNH7I42?node-id=301:2#1658653586"
"388","307","Tino | Amitschi","Sönke frgwn","View In Figma","","","04/03/2026, 12:32:07.968","Y","","https://www.figma.com/file/nRnOGKN6Ax9nfekLNH7I42?node-id=299:2#1658710965"
"390","308","Tino | Amitschi","All items in the side menu","View In Figma","","","08/03/2026, 07:55:31.676","Y","","https://www.figma.com/file/nRnOGKN6Ax9nfekLNH7I42?node-id=301:2#1663960016"
"391","309","Tino | Amitschi","Food Recipes","View In Figma","","","08/03/2026, 07:55:58.728","Y","","https://www.figma.com/file/nRnOGKN6Ax9nfekLNH7I42?node-id=301:2#1663960106"
"393","310","Tino | Amitschi","System.Xml.XmlElement","View In Figma","","","08/03/2026, 08:00:00.125","Y","","https://www.figma.com/file/nRnOGKN6Ax9nfekLNH7I42?node-id=301:2#1663960815"
"394","311","Tino | Amitschi","System.Xml.XmlElement","View In Figma","","","08/03/2026, 08:01:29.293","Y","","https://www.figma.com/file/nRnOGKN6Ax9nfekLNH7I42?node-id=301:2#1663961090"
"395","312","Tino | Amitschi","System.Xml.XmlElement","View In Figma","","","08/03/2026, 08:11:33.306","Y","","https://www.figma.com/file/nRnOGKN6Ax9nfekLNH7I42?node-id=301:2#1663962950"
"397","313","Tino | Amitschi","System.Xml.XmlElement","View In Figma","","","08/03/2026, 08:22:05.702","Y","","https://www.figma.com/file/nRnOGKN6Ax9nfekLNH7I42?node-id=301:2#1663965125"
"398","314","Tino | Amitschi","System.Xml.XmlElement","View In Figma","","","08/03/2026, 08:23:52.985","Y","","https://www.figma.com/file/nRnOGKN6Ax9nfekLNH7I42?node-id=301:2#1663965502"
"399","315","Tino | Amitschi","System.Xml.XmlElement","View In Figma","","","08/03/2026, 08:25:11.931","Y","","https://www.figma.com/file/nRnOGKN6Ax9nfekLNH7I42?node-id=301:2#1663965783"
"400","316","Tino | Amitschi","System.Xml.XmlElement","View In Figma","","","08/03/2026, 08:27:57.809","Y","","https://www.figma.com/file/nRnOGKN6Ax9nfekLNH7I42?node-id=301:2#1663966335"
"401","317","Tino | Amitschi","System.Xml.XmlElement","View In Figma","","","08/03/2026, 08:29:33.769","Y","","https://www.figma.com/file/nRnOGKN6Ax9nfekLNH7I42?node-id=301:2#1663966653"
"402","318","Tino | Amitschi","System.Xml.XmlElement","View In Figma","","","08/03/2026, 08:30:48.025","Y","","https://www.figma.com/file/nRnOGKN6Ax9nfekLNH7I42?node-id=301:2#1663966914"
"403","319","Tino | Amitschi","System.Xml.XmlElement","View In Figma","","","08/03/2026, 08:32:08.600","Y","","https://www.figma.com/file/nRnOGKN6Ax9nfekLNH7I42?node-id=301:2#1663967197"
"404","320","Tino | Amitschi","This is where all data comes together. In this section, I want to be able to compare products, employees, and product groups in different ways. In addition, it should provide the most accurate possible profit overview for customizable time periods.","View In Figma","","","08/03/2026, 08:34:24.395","Y","","https://www.figma.com/file/nRnOGKN6Ax9nfekLNH7I42?node-id=301:2#1663967618"
"405","321","Tino | Amitschi","Example of the UI/UX from Sellerboard when the comparison (e.g., with the previous year) is not enabled.","View In Figma","","","08/03/2026, 12:35:43.164","Y","","https://www.figma.com/file/nRnOGKN6Ax9nfekLNH7I42?node-id=301:2#1664018012"
"406","322","Tino | Amitschi","I want to see all KPIs side by side for these time periods.","View In Figma","","","08/03/2026, 12:36:22.120","Y","","https://www.figma.com/file/nRnOGKN6Ax9nfekLNH7I42?node-id=301:2#1664018124"
"407","323","Tino | Amitschi","System.Xml.XmlElement","View In Figma","","","08/03/2026, 12:38:27.298","Y","","https://www.figma.com/file/nRnOGKN6Ax9nfekLNH7I42?node-id=301:2#1664018518"
"408","324","Tino | Amitschi","UI / UX example of how it should look when comparing with the previous year.","View In Figma","","","08/03/2026, 12:44:45.452","Y","","https://www.figma.com/file/nRnOGKN6Ax9nfekLNH7I42?node-id=301:2#1664019860"
"409","325","Tino | Amitschi","System.Xml.XmlElement","View In Figma","","","08/03/2026, 12:45:41.294","Y","","https://www.figma.com/file/nRnOGKN6Ax9nfekLNH7I42?node-id=301:2#1664020076"
"410","326","Tino | Amitschi","System.Xml.XmlElement","View In Figma","","","08/03/2026, 12:46:15.220","Y","","https://www.figma.com/file/nRnOGKN6Ax9nfekLNH7I42?node-id=301:2#1664020191"
"411","327","Tino | Amitschi","If you click on “Select Time Range,” you can view and analyze a custom time period here.","View In Figma","","","08/03/2026, 12:46:52.716","Y","","https://www.figma.com/file/nRnOGKN6Ax9nfekLNH7I42?node-id=301:2#1664020318"
"412","328","Tino | Amitschi","Product-level view","View In Figma","","","08/03/2026, 12:48:23.067","Y","","https://www.figma.com/file/nRnOGKN6Ax9nfekLNH7I42?node-id=301:2#1664020666"
"413","329","Tino | Amitschi","check this","View In Figma","","","08/03/2026, 12:50:45.168","Y","","https://www.figma.com/file/nRnOGKN6Ax9nfekLNH7I42?node-id=301:2#1664021226"
"414","330","Tino | Amitschi","Here I want to be able to select the most important KPIs and compare them with each other.","View In Figma","","","08/03/2026, 12:52:44.341","Y","","https://www.figma.com/file/nRnOGKN6Ax9nfekLNH7I42?node-id=301:2#1664021704"
"415","331","Tino | Amitschi","System.Xml.XmlElement","View In Figma","","","08/03/2026, 12:55:11.123","Y","","https://www.figma.com/file/nRnOGKN6Ax9nfekLNH7I42?node-id=301:2#1664022204"
"416","332","Tino | Amitschi","System.Xml.XmlElement","View In Figma","","","08/03/2026, 12:55:57.771","Y","","https://www.figma.com/file/nRnOGKN6Ax9nfekLNH7I42?node-id=301:2#1664022363"
"418","333","Tino | Amitschi","The video clearly shows how this view should look.Please list all KPIs here that are also visible in the dashboard.","View In Figma","","","08/03/2026, 12:59:42.686","Y","","https://www.figma.com/file/nRnOGKN6Ax9nfekLNH7I42?node-id=301:2#1664023135"
"419","334","Tino | Amitschi","System.Xml.XmlElement","View In Figma","","","08/03/2026, 13:01:33.474","Y","","https://www.figma.com/file/nRnOGKN6Ax9nfekLNH7I42?node-id=301:2#1664023526"
"421","335","Tino | Amitschi","Wareneinkauf","View In Figma","","","08/03/2026, 13:12:37.033","Y","","https://www.figma.com/file/nRnOGKN6Ax9nfekLNH7I42?node-id=301:2#1664026006"
"422","336","Tino | Amitschi","Verkaufspreis ohne Steuern","View In Figma","","","08/03/2026, 13:15:23.007","Y","","https://www.figma.com/file/nRnOGKN6Ax9nfekLNH7I42?node-id=301:2#1664026689"
"424","337","Tino | Amitschi","I would like to be able to write freely here in the dashboard.","View In Figma","","","08/03/2026, 13:18:43.433","Y","","https://www.figma.com/file/nRnOGKN6Ax9nfekLNH7I42?node-id=301:2#1664027481"
"425","338","Tino | Amitschi","MA-Kosten %","View In Figma","","","08/03/2026, 13:32:09.841","Y","","https://www.figma.com/file/nRnOGKN6Ax9nfekLNH7I42?node-id=301:2#1664030621"
"426","339","Tino | Amitschi","Staff Cost % of the total day based on total net revenue (excluding taxes).","View In Figma","","","08/03/2026, 13:32:51.099","Y","","https://www.figma.com/file/nRnOGKN6Ax9nfekLNH7I42?node-id=301:2#1664030768"
"427","340","Tino | Amitschi","Staff Cost % for the individual hour.","View In Figma","","","08/03/2026, 13:33:40.005","Y","","https://www.figma.com/file/nRnOGKN6Ax9nfekLNH7I42?node-id=301:2#1664030942"
"428","341","Tino | Amitschi","System.Xml.XmlElement","View In Figma","","","08/03/2026, 13:36:55.601","Y","","https://www.figma.com/file/nRnOGKN6Ax9nfekLNH7I42?node-id=301:2#1664031659"
"429","342","Tino | Amitschi","System.Xml.XmlElement","View In Figma","","","08/03/2026, 13:44:51.887","Y","","https://www.figma.com/file/nRnOGKN6Ax9nfekLNH7I42?node-id=301:2#1664033438"
"430","343","Tino | Amitschi","However, there should still be the option to set a custom time period for both tables.","View In Figma","","","08/03/2026, 13:45:19.416","Y","","https://www.figma.com/file/nRnOGKN6Ax9nfekLNH7I42?node-id=301:2#1664033551"
"431","344","Tino | Amitschi","System.Xml.XmlElement","View In Figma","","","08/03/2026, 13:46:36.417","Y","","https://www.figma.com/file/nRnOGKN6Ax9nfekLNH7I42?node-id=301:2#1664033888"
"433","345","Tino | Amitschi","System.Xml.XmlElement","View In Figma","","","08/03/2026, 13:49:37.445","Y","","https://www.figma.com/file/nRnOGKN6Ax9nfekLNH7I42?node-id=301:2#1664034566"
"434","346","Tino | Amitschi","System.Xml.XmlElement","View In Figma","","","08/03/2026, 13:52:48.686","Y","","https://www.figma.com/file/nRnOGKN6Ax9nfekLNH7I42?node-id=301:2#1664035313"
"435","347","Tino | Amitschi","Employee Names","View In Figma","","","08/03/2026, 13:53:11.054","Y","","https://www.figma.com/file/nRnOGKN6Ax9nfekLNH7I42?node-id=301:2#1664035416"
"436","348","Tino | Amitschi","Revenue Netto","View In Figma","","","08/03/2026, 13:53:52.547","Y","","https://www.figma.com/file/nRnOGKN6Ax9nfekLNH7I42?node-id=301:2#1664035545"
"437","349","Tino | Amitschi","Eisenhower-Matrix","View In Figma","","","08/03/2026, 14:08:45.821","Y","","https://www.figma.com/file/nRnOGKN6Ax9nfekLNH7I42?node-id=301:2#1664038787"
"438","350","Tino | Amitschi","If you click on “More”, you can access and view all the important KPIs that are available in the dashboard.","View In Figma","","","09/03/2026, 07:14:01.369","Y","","https://www.figma.com/file/nRnOGKN6Ax9nfekLNH7I42?node-id=299:2#1664461060"
